<?xml version="1.0" ?>
	<!-- 
		logger_name = Don't change this.
		file_name = Should include the absolute path, to write the log file to.
		file_size = Log file size limit in bytes
		number_of_files = It is the number of log files, that the system should create before recycling
		level = To indicate the log level and it can have one of the following values:
			ALL
			SEVERE
			WARNING
			INFO
			CONFIG
			FINE
			FINER
			FINEST
			OFF
	-->

<logConfiguration>
    <!--
        File name should have the complete path.
    -->
    <fileName>statsfeeder.log</fileName>
    <fileSize>50000000</fileSize>
    <numberOfFiles>10</numberOfFiles>
    <level>FINE</level>
</logConfiguration>
